62034707210,A1296355,Consumption,25/11/2014,No,0.0,0.0,0.061,0.075,0.058,0.086,0.053,0.073,0.049,0.072,0.051,0.072,0.66,0.161,0.013,0.025,1.017,0.19,0.0,0.0,0.0,0.0,0.0,0.0,0.0,0.0,0.0,0.0,0.0,0.0,0.0,0.001,0.19,0.374,0.0,1.287,0.731,0.243,0.255,0.06,0.099,0.359,0.278,0.241,0.109,0.072,0.075,0.07
62034707210,A1296355,Consumption,26/11/2014,No,0.056,0.106,0.125,0.065,0.077,0.055,0.07,0.067,0.054,0.069,0.053,0.062,0.478,1.081,0.754,0.58,0.378,0.253,0.0,0.023,0.226,0.287,0.0,0.0,0.0,0.0,0.0,0.092,0.272,0.172,0.303,0.027,0.024,0.008,0.0,0.271,0.062,0.324,0.047,0.101,0.583,0.402,0.118,0.497,0.083,0.051,0.071,0.07
62034707210,A1296355,Consumption,27/11/2014,No,0.05,0.136,0.095,0.06,0.077,0.045,0.072,0.051,0.064,0.049,0.063,0.046,0.807,0.282,0.053,0.394,0.259,0.787,0.722,0.2,0.0,0.0,0.0,0.0,0.001,0.0,0.041,0.129,0.075,0.0,0.0,0.0,0.159,0.115,0.0,0.544,0.511,0.127,0.046,0.097,0.096,0.145,0.122,0.19,0.132,0.113,0.114,0.094
62034707210,A1296355,Consumption,28/11/2014,No,0.108,0.097,0.108,0.095,0.102,0.1,0.091,0.19,0.137,0.089,0.944,0.098,0.114,1.205,1.347,0.836,0.591,0.0,0.0,0.305,0.179,0.0,0.135,0.0,0.0,0.0,0.0,0.0,0.0,0.0,0.0,0.0,0.024,0.057,0.277,0.299,0.42,0.621,0.508,0.317,0.256,0.256,0.185,0.18,0.15,0.111,0.133,0.093
62034707210,A1296355,Consumption,29/11/2014,No,0.122,0.084,0.109,0.09,0.102,0.098,0.096,0.097,0.094,0.093,0.098,0.084,0.174,0.259,0.067,0.096,0.122,0.112,0.014,0.0,0.0,0.0,0.113,0.148,0.0,0.11,0.0,0.0,0.061,0.0,0.008,0.276,0.309,0.16,0.189,0.333,0.469,0.605,0.257,0.479,0.387,0.277,0.368,0.374,0.222,0.117,0.087,0.066
62034707210,A1296355,Consumption,30/11/2014,No,0.062,0.238,0.241,0.246,0.222,0.198,0.185,0.133,0.153,0.13,0.114,0.134,0.09,0.422,0.217,0.171,0.091,0.009,0.444,0.215,0.006,0.269,0.0,0.019,0.014,0.0,0.0,0.0,0.06,0.735,0.916,0.808,0.489,0.579,0.501,0.503,0.854,0.9,0.732,0.214,0.165,0.137,0.272,0.125,0.105,0.07,0.109,0.06
62034707210,A1296355,Consumption,1/12/2014,No,0.107,0.068,0.203,0.266,0.248,0.226,0.218,0.145,0.074,0.101,0.157,0.311,0.273,0.268,0.252,0.782,0.426,0.322,0.055,0.15,0.114,0.039,0.161,0.175,0.172,0.23,0.066,0.098,0.634,0.006,0.003,0.0,0.009,0.034,0.1,0.466,0.785,1.28,0.952,0.776,0.497,0.634,0.471,0.447,0.376,0.178,0.185,0.151
62034707210,A1296355,Consumption,2/12/2014,No,0.156,0.126,0.141,0.095,0.111,0.086,0.19,0.123,0.076,0.091,0.078,0.074,0.071,0.024,0.108,0.084,0.306,0.236,0.0,0.362,0.262,0.11,0.47,0.083,0.0,0.001,0.0,0.001,0.0,0.004,0.037,0.02,0.472,0.368,0.655,0.653,0.662,0.661,0.485,0.232,0.23,0.304,0.21,0.126,0.165,0.084,0.113,0.067
62034707210,A1296355,Consumption,3/12/2014,No,0.084,0.076,0.071,0.078,0.061,0.116,0.074,0.101,0.073,0.089,0.056,0.073,0.238,0.794,0.914,0.262,0.367,0.149,0.065,0.034,0.0,0.0,0.0,0.0,0.022,0.001,0.002,0.164,0.0,0.0,0.054,0.659,0.372,0.224,0.31,0.371,0.483,0.474,0.178,0.164,0.102,0.118,0.073,0.065,0.068,0.038,0.066,0.041
62034707210,A1296355,Consumption,4/12/2014,No,0.058,0.212,0.225,0.188,0.085,0.073,0.075,0.083,0.038,0.058,0.044,0.052,0.11,0.135,0.0,0.0,0.105,0.071,1.161,0.642,0.683,0.211,0.154,0.067,0.12,0.354,0.096,0.266,0.159,0.0,0.154,0.642,0.558,1.58,1.359,1.272,1.646,1.897,1.682,0.594,0.705,0.488,0.302,0.195,0.058,0.086,0.05,0.089
62034707210,A1296355,Consumption,5/12/2014,No,0.046,0.092,0.046,0.094,0.15,0.095,0.052,0.084,0.047,0.083,0.046,0.083,0.065,0.158,0.093,1.52,1.431,0.336,0.0,0.0,0.0,0.0,0.0,0.0,0.0,0.052,0.035,0.0,0.0,0.0,0.0,0.0,0.0,0.0,0.004,0.049,0.009,0.084,0.287,0.241,0.112,0.143,0.102,0.122,0.046,0.115,0.129,0.074
62034707210,A1296355,Consumption,6/12/2014,No,0.07,0.059,0.076,0.05,0.08,0.047,0.081,0.046,0.076,0.048,0.071,0.053,0.059,0.026,0.0,0.0,0.139,0.255,0.626,0.428,0.33,0.029,0.0,0.0,0.0,0.002,0.0,0.0,0.0,0.004,0.0,0.0,0.0,0.0,0.043,0.018,0.129,0.179,0.111,0.188,0.154,0.246,0.24,0.11,0.093,0.065,0.094,0.058
62034707210,A1296355,Consumption,7/12/2014,No,0.092,0.06,0.091,0.059,0.092,0.059,0.093,0.059,0.09,0.059,0.085,0.063,0.077,0.255,0.3,0.505,0.033,0.005,0.0,0.004,0.0,0.0,0.0,0.0,0.0,0.0,0.0,0.0,0.0,0.0,0.0,0.0,0.0,0.0,0.322,0.605,0.01,0.633,0.524,0.641,0.62,0.05,0.125,0.079,0.094,0.122,0.083,0.032
62034707210,A1296355,Consumption,8/12/2014,No,0.071,0.033,0.069,0.033,0.068,0.033,0.064,0.036,0.046,0.052,0.032,0.065,0.672,0.106,0.0,0.018,0.014,0.0,0.019,0.025,0.043,0.48,0.545,0.0,0.027,0.0,0.0,0.0,0.0,0.0,0.0,0.001,0.072,0.016,0.236,0.211,0.569,1.129,0.261,0.35,0.212,0.354,0.318,0.255,0.097,0.058,0.073,0.037
62034707210,A1296355,Consumption,9/12/2014,No,0.068,0.042,0.062,0.048,0.055,0.058,0.05,0.054,0.046,0.051,0.05,0.04,0.285,0.345,0.116,0.0,0.314,1.022,1.272,0.637,0.881,0.071,0.0,0.0,0.0,0.0,0.0,0.262,0.389,0.16,0.0,0.193,0.854,0.566,1.841,0.528,0.178,0.119,0.309,0.119,0.076,0.073,0.052,0.052,0.126,0.108,0.062,0.075
62034707210,A1296355,Consumption,10/12/2014,No,0.07,0.056,0.057,0.069,0.063,0.052,0.069,0.053,0.058,0.067,0.044,0.066,0.332,0.147,0.062,0.001,0.072,0.866,1.071,0.528,0.0,0.0,0.0,0.0,0.107,0.915,0.01,0.031,0.035,0.0,0.021,0.0,0.438,0.582,0.225,0.0,0.155,0.135,0.091,0.076,0.137,0.15,0.094,0.058,0.064,0.04,0.058,0.062
62034707210,A1296355,Consumption,11/12/2014,No,0.036,0.062,0.05,0.047,0.062,0.036,0.063,0.052,0.044,0.06,0.035,0.06,0.238,0.562,0.629,0.428,0.222,0.163,0.761,0.66,0.45,0.674,0.051,0.0,0.0,0.0,0.0,0.0,0.003,0.086,0.0,0.0,0.001,0.001,0.845,0.53,0.471,0.153,0.091,0.079,0.142,0.582,0.443,0.248,0.146,0.145,0.117,0.128
62034707210,A1296355,Consumption,12/12/2014,No,0.086,0.122,0.086,0.12,0.088,0.118,0.087,0.117,0.086,0.118,0.707,0.098,0.053,0.067,0.071,0.001,0.051,0.033,0.002,0.002,0.0,0.0,0.0,0.0,0.0,0.0,0.0,0.0,0.0,0.0,0.0,0.0,0.227,0.337,0.453,0.026,0.099,0.317,0.225,0.161,0.145,0.117,0.135,0.135,0.06,0.076,0.06,0.087
62034707210,A1296355,Consumption,13/12/2014,No,0.27,0.11,0.116,0.1,0.061,0.096,0.061,0.065,0.112,0.108,0.072,0.064,0.038,0.055,0.754,0.089,0.011,0.0,0.257,0.186,0.0,0.151,0.0,0.0,0.0,0.003,0.005,0.003,0.013,0.34,0.727,0.434,0.243,0.112,0.276,0.352,1.066,1.106,0.468,0.375,0.234,0.164,0.132,0.126,0.118,0.132,0.117,0.083
62034707210,A1296355,Consumption,14/12/2014,No,0.089,0.103,0.289,0.185,0.173,0.129,0.122,0.098,0.089,0.108,0.065,0.114,0.025,0.135,0.036,0.567,0.402,0.038,0.034,0.005,0.001,0.015,0.0,0.005,0.0,0.007,0.019,0.074,0.096,0.022,0.257,0.4,0.788,1.076,0.737,0.46,0.327,0.286,0.343,0.399,0.302,0.315,0.54,0.435,0.2,0.152,0.107,0.111
62034707210,A1296355,Consumption,15/12/2014,No,0.128,0.087,0.11,0.1,0.082,0.11,0.085,0.091,0.096,0.07,0.096,0.079,0.1,0.081,0.025,0.22,0.03,0.014,0.008,0.004,0.0,0.0,0.0,0.0,0.0,0.0,0.238,0.138,0.293,0.152,0.0,0.0,0.0,0.064,0.097,0.343,0.752,0.612,0.517,0.2,0.235,0.423,0.439,0.385,0.227,0.188,0.244,0.147
62034707210,A1296355,Consumption,16/12/2014,No,0.184,0.148,0.133,0.201,0.178,0.14,0.148,0.136,0.115,0.14,0.105,0.136,0.169,0.126,0.114,0.14,0.048,0.011,0.005,0.004,0.002,0.0,0.0,0.0,0.0,0.0,0.0,0.005,0.034,0.077,0.062,0.075,1.035,0.92,0.088,0.754,0.748,0.373,0.469,0.645,0.457,0.384,0.146,0.078,0.162,0.129,0.076,0.102
62034707210,A1296355,Consumption,17/12/2014,No,0.071,0.096,0.087,0.08,0.092,0.067,0.094,0.063,0.09,0.061,0.085,0.07,0.811,0.627,0.036,0.023,0.006,0.471,0.355,0.188,0.0,0.0,0.0,0.0,0.0,0.0,0.0,0.0,0.0,0.0,0.0,0.0,0.0,0.041,0.006,0.063,0.003,0.2,0.079,0.151,0.178,0.26,0.248,0.143,0.113,0.097,0.119,0.081
62034707210,A1296355,Consumption,18/12/2014,No,0.115,0.078,0.114,0.064,0.099,0.065,0.102,0.067,0.095,0.063,0.093,0.06,0.268,0.151,0.077,0.025,0.009,0.014,0.01,0.239,0.353,0.118,0.0,0.0,0.0,0.0,0.0,0.0,0.0,0.0,0.104,0.668,0.464,0.644,1.149,0.83,0.53,0.391,0.477,0.609,0.341,0.308,0.309,0.098,0.11,0.075,0.105,0.07
62034707210,A1296355,Consumption,19/12/2014,No,0.091,0.058,0.097,0.063,0.088,0.058,0.088,0.055,0.077,0.061,0.053,0.085,0.644,0.818,0.078,0.118,0.053,0.0,0.0,0.47,0.936,0.178,0.121,0.181,0.02,0.0,0.019,0.0,0.0,0.0,0.0,0.0,0.0,0.0,0.0,0.003,0.05,0.097,0.127,0.11,0.06,0.089,0.06,0.109,0.098,0.164,0.119,0.075
62034707210,A1296355,Consumption,20/12/2014,No,0.1,0.062,0.093,0.074,0.075,0.087,0.06,0.086,0.056,0.085,0.056,0.147,1.133,0.807,1.691,0.605,0.524,0.182,0.222,0.027,0.017,0.021,0.0,0.004,0.019,0.0,0.0,0.0,0.355,0.448,0.416,0.299,0.017,0.005,0.0,0.0,0.216,0.46,0.601,0.583,0.47,0.645,0.496,0.432,0.116,0.1,0.064,0.109
62034707210,A1296355,Consumption,21/12/2014,No,0.063,0.094,0.068,0.085,0.081,0.083,0.081,0.076,0.075,0.075,0.071,0.077,0.067,0.697,0.418,0.292,0.0,0.014,0.199,0.065,0.138,0.0,0.055,0.0,0.168,0.468,0.638,0.731,0.212,0.366,0.334,0.308,0.349,0.646,0.752,0.777,0.861,0.875,0.621,0.429,0.376,0.412,0.22,0.236,0.191,0.223,0.195,0.167
62034707210,A1296355,Consumption,22/12/2014,No,0.158,0.151,0.165,0.121,0.157,0.115,0.148,0.099,0.108,0.11,0.079,0.185,0.355,1.008,0.198,0.107,0.026,0.52,0.442,0.061,0.405,0.025,0.001,0.0,0.0,0.035,0.14,0.445,0.322,0.223,0.299,0.644,0.833,0.668,0.733,0.432,0.41,0.899,1.035,0.882,1.047,0.476,0.185,0.223,0.164,0.268,0.198,0.157
62034707210,A1296355,Consumption,23/12/2014,No,0.172,0.18,0.196,0.21,0.164,0.157,0.177,0.143,0.166,0.154,0.12,0.209,0.094,1.003,0.132,0.086,0.032,0.0,0.014,0.204,0.232,0.224,0.084,0.573,0.214,0.155,0.232,0.224,0.291,0.229,0.224,0.338,0.203,0.233,0.152,0.331,0.382,0.474,0.344,0.279,0.253,0.11,0.227,0.166,0.164,0.124,0.087,0.082
62034707210,A1296355,Consumption,24/12/2014,No,0.079,0.071,0.073,0.073,0.081,0.07,0.081,0.053,0.085,0.054,0.09,0.057,0.065,0.076,0.292,0.001,0.0,0.001,0.003,0.302,0.035,0.165,0.0,0.0,0.0,0.007,0.0,0.0,0.0,0.0,0.0,0.0,0.0,0.0,0.038,0.041,0.278,0.272,1.349,0.906,0.297,0.295,0.671,0.532,0.489,0.08,0.083,0.063
62034707210,A1296355,Consumption,25/12/2014,No,0.091,0.058,0.09,0.057,0.091,0.058,0.087,0.054,0.086,0.053,0.082,0.053,0.078,0.029,0.321,0.854,0.386,0.266,0.311,0.389,0.135,0.024,0.0,0.0,0.0,0.0,0.0,0.0,0.0,0.0,0.0,0.0,0.0,0.0,0.0,0.0,0.012,0.022,0.058,0.184,0.317,0.337,0.246,0.086,0.069,0.094,0.056,0.083
62034707210,A1296355,Consumption,26/12/2014,No,0.052,0.086,0.051,0.082,0.054,0.08,0.06,0.06,0.073,0.052,0.079,0.051,0.054,0.039,0.007,0.11,0.138,0.589,1.077,0.441,0.431,0.0,0.0,0.0,0.0,0.0,0.0,0.0,0.0,0.0,0.0,0.0,0.0,0.0,0.0,0.034,0.004,0.046,1.465,0.506,0.121,0.171,0.118,0.081,0.076,0.083,0.062,0.084
62034707210,A1296355,Consumption,27/12/2014,No,0.058,0.086,0.06,0.084,0.059,0.083,0.058,0.08,0.054,0.075,0.057,0.06,0.071,0.428,1.32,0.281,0.024,0.31,0.404,0.352,0.0,0.0,0.0,0.0,0.026,0.007,0.0,0.0,0.047,0.0,0.016,0.009,0.0,0.0,0.0,0.0,0.0,0.089,0.244,0.294,0.46,0.409,0.257,0.176,0.156,0.156,0.15,0.127
62034707210,A1296355,Consumption,28/12/2014,No,0.123,0.088,0.112,0.077,0.104,0.073,0.105,0.073,0.102,0.074,0.101,0.077,0.096,0.064,0.158,1.155,0.568,0.002,0.0,0.0,0.162,0.242,0.238,0.025,0.0,0.029,0.019,0.003,0.077,0.005,0.014,0.022,0.135,0.101,0.349,0.556,0.496,0.644,0.816,0.588,0.396,0.302,0.396,0.254,0.255,0.086,0.13,0.081
62034707210,A1296355,Consumption,29/12/2014,No,0.107,0.088,0.108,0.117,0.095,0.104,0.083,0.111,0.074,0.123,0.075,0.124,0.068,0.066,0.129,1.052,0.609,0.128,0.018,0.01,0.018,0.033,0.038,0.007,0.006,0.016,0.159,0.008,0.336,0.469,0.264,0.092,0.249,0.011,0.04,1.357,0.608,0.31,0.176,0.26,0.251,0.335,0.154,0.151,0.162,0.145,0.09,0.056
62034707210,A1296355,Consumption,30/12/2014,No,0.084,0.049,0.082,0.048,0.082,0.052,0.083,0.053,0.072,0.061,0.056,0.073,0.047,0.14,0.197,0.112,0.184,0.911,0.275,0.132,0.038,0.138,0.08,0.005,0.012,0.0,0.015,0.003,0.274,0.112,0.01,0.249,0.006,0.002,0.002,0.007,0.089,0.161,0.228,0.486,0.684,0.539,0.488,0.356,0.33,0.222,0.092,0.095
62034707210,A1296355,Consumption,31/12/2014,No,0.076,0.094,0.067,0.081,0.05,0.079,0.053,0.08,0.052,0.071,0.06,0.052,0.076,0.035,0.076,0.03,0.605,0.241,0.0,0.0,0.0,0.0,0.0,0.0,0.0,0.0,0.0,0.054,0.79,0.062,0.001,0.057,0.0,0.004,0.129,0.184,0.929,1.699,0.964,1.351,1.117,1.282,0.846,0.654,0.441,0.211,0.131,0.165
62034707210,A1296355,Consumption,1/1/2015,No,0.098,0.119,0.104,0.089,0.097,0.079,0.16,0.118,0.1,0.095,0.065,0.093,0.067,0.076,0.269,0.856,0.911,0.293,0.371,0.856,0.199,0.0,0.255,0.0,0.0,0.0,0.0,0.0,0.0,0.0,0.029,0.282,0.841,0.567,0.708,0.748,0.889,0.376,0.755,0.918,1.01,0.556,0.906,0.715,0.417,0.158,0.061,0.096
62034707210,A1296355,Consumption,2/1/2015,No,0.072,0.087,0.089,0.061,0.091,0.057,0.091,0.072,0.075,0.076,0.061,0.081,0.055,0.074,0.969,0.583,0.698,0.577,1.02,0.955,0.495,0.064,0.0,0.0,0.0,0.0,0.003,0.139,0.171,0.238,0.298,0.449,1.011,1.288,1.25,0.888,1.197,1.241,0.688,0.462,0.569,0.637,0.676,0.852,0.863,0.749,0.573,0.4
62034707210,A1296355,Consumption,3/1/2015,No,0.26,0.25,0.264,0.204,0.226,0.244,0.233,0.204,0.196,0.204,0.216,0.183,0.205,0.235,0.472,0.817,0.569,0.386,0.178,0.267,0.178,0.169,0.096,0.138,0.351,0.484,0.803,0.896,1.024,1.01,1.632,1.972,1.292,1.323,0.698,1.32,1.471,0.667,0.34,0.249,0.377,0.293,0.276,0.241,0.318,0.229,0.26,0.223
62034707210,A1296355,Consumption,4/1/2015,No,0.228,0.234,0.28,0.213,0.245,0.199,0.241,0.204,0.202,0.175,0.192,0.165,0.327,0.232,0.14,0.012,0.003,0.013,0.037,0.0,0.756,0.427,0.047,0.0,0.0,0.0,0.0,0.0,0.0,0.0,0.048,0.0,0.0,0.351,0.262,0.477,0.01,0.113,0.264,0.294,0.273,0.209,0.162,0.11,0.117,0.101,0.11,0.1
62034707210,A1296355,Consumption,5/1/2015,No,0.098,0.093,0.098,0.089,0.102,0.081,0.111,0.078,0.183,0.126,0.083,0.106,0.201,0.102,0.15,0.096,0.0,0.029,0.0,0.0,0.0,0.0,0.0,0.0,0.0,0.0,0.0,0.0,0.0,0.0,0.0,0.074,0.475,0.335,0.021,0.0,0.082,0.459,0.595,0.46,0.462,0.478,0.544,0.339,0.102,0.049,0.099,0.053
62034707210,A1296355,Consumption,6/1/2015,No,0.149,0.113,0.072,0.078,0.06,0.084,0.054,0.085,0.055,0.079,0.059,0.07,0.254,0.333,0.373,0.207,0.17,0.062,0.345,0.0,0.0,0.0,0.0,0.0,0.0,0.0,0.0,0.0,0.043,0.001,0.073,0.889,0.973,0.593,0.489,0.597,1.031,0.959,0.553,0.52,0.246,0.251,0.194,0.237,0.24,0.204,0.187,0.173
62034707210,A1296355,Consumption,7/1/2015,No,0.165,0.142,0.149,0.113,0.128,0.132,0.096,0.113,0.107,0.062,0.095,0.092,0.133,0.176,0.068,0.101,0.034,0.337,0.001,0.021,0.0,0.0,0.104,0.856,0.947,0.268,0.455,0.799,0.434,0.734,0.688,0.554,0.958,0.481,0.047,0.473,0.51,0.505,0.645,1.117,0.316,0.342,0.369,0.295,0.298,0.248,0.283,0.36
62034707210,A1296355,Consumption,8/1/2015,No,0.304,0.295,0.318,0.76,0.582,0.501,0.27,0.199,0.226,0.201,0.217,0.268,0.215,0.208,0.258,0.169,0.001,0.032,0.018,0.058,0.746,0.629,0.006,0.016,0.021,0.43,0.349,0.365,0.294,0.748,0.765,0.53,0.052,0.173,0.184,0.139,0.233,0.412,1.025,0.898,0.243,0.235,0.202,0.21,0.164,0.091,0.132,0.194
62034707210,A1296355,Consumption,9/1/2015,No,0.227,0.206,0.304,0.197,0.235,0.243,0.223,0.167,0.172,0.21,0.16,0.187,0.203,0.486,0.245,0.285,0.14,0.089,0.025,0.054,0.004,0.045,0.023,0.496,1.077,0.767,0.635,0.635,0.44,0.873,0.212,0.114,0.111,0.796,1.777,1.4,0.744,0.293,0.443,0.351,0.394,1.086,0.318,0.184,0.174,0.142,0.131,0.14
62034707210,A1296355,Consumption,10/1/2015,No,0.125,0.157,0.123,0.147,0.119,0.142,0.132,0.123,0.149,0.125,0.14,0.124,0.117,0.348,0.717,0.467,0.578,1.239,0.892,0.248,0.466,0.0,0.0,0.114,0.658,0.231,0.014,0.0,0.0,0.0,0.337,0.054,0.0,0.0,0.556,0.644,1.396,0.608,0.25,0.331,0.322,0.315,0.284,0.656,0.674,0.666,0.133,0.095
62034707210,A1296355,Consumption,11/1/2015,No,0.139,0.091,0.131,0.087,0.124,0.104,0.111,0.114,0.088,0.126,0.09,0.131,0.109,0.218,1.171,0.612,0.309,0.682,0.884,0.713,0.068,0.007,0.035,0.0,0.046,0.0,0.0,0.002,0.0,0.0,0.0,0.019,0.0,0.0,0.0,0.0,0.0,0.291,0.622,1.9,0.474,0.337,0.314,0.29,0.185,0.175,0.125,0.137
62034707210,A1296355,Consumption,12/1/2015,No,0.128,0.106,0.115,0.089,0.171,0.153,0.102,0.104,0.067,0.102,0.073,0.093,0.082,0.147,0.05,0.073,0.01,0.041,0.0,0.0,0.0,0.0,0.0,0.0,0.0,0.0,0.027,0.0,0.001,0.044,0.235,0.476,0.157,0.285,1.086,2.415,1.453,0.713,0.657,0.376,0.72,1.078,1.012,0.285,0.257,0.177,0.197,0.29
62034707210,A1296355,Consumption,13/1/2015,No,0.201,0.153,0.179,0.147,0.19,0.218,0.165,0.307,0.293,0.288,0.216,0.201,0.225,0.286,0.349,0.349,0.325,0.267,0.27,0.207,0.001,0.007,0.005,0.016,0.033,0.0,0.042,0.0,0.0,0.032,0.0,0.034,1.152,0.543,0.664,0.498,0.07,0.206,0.519,0.503,0.355,0.379,0.279,0.194,0.193,0.135,0.135,0.111
62034707210,A1296355,Consumption,14/1/2015,No,0.129,0.086,0.135,0.093,0.111,0.092,0.122,0.071,0.118,0.082,0.114,0.079,0.116,0.952,0.127,0.387,0.096,1.258,1.254,0.573,1.319,0.732,0.496,0.103,0.015,0.071,0.085,0.058,1.116,1.023,0.855,0.038,0.0,0.001,0.0,0.0,0.015,0.175,0.094,0.084,0.138,0.065,0.114,0.102,0.121,0.08,0.084,0.079
62034707210,A1296355,Generation,14/1/2015,No,0.0,0.0,0.0,0.0,0.0,0.0,0.0,0.0,0.0,0.0,0.0,0.0,0.0,0.0,0.0,0.0,0.0,0.0,0.0,0.0,0.0,0.0,0.0,0.027,0.132,0.083,0.205,0.269,0.003,0.038,0.0,0.106,0.124,0.057,0.055,0.064,0.009,0.016,0.0,0.0,0.0,0.0,0.0,0.0,0.0,0.0,0.0,0.0
62034707210,A1296355,Consumption,15/1/2015,No,0.065,0.079,0.049,0.095,0.059,0.091,0.053,0.063,0.08,0.057,0.089,0.134,0.355,0.345,0.194,0.164,0.17,0.198,0.086,0.154,0.112,0.102,0.025,0.0,0.0,0.0,0.0,0.0,0.015,0.029,0.028,0.0,0.332,0.375,0.504,0.0,0.0,0.005,0.03,0.118,0.408,0.382,0.115,0.157,0.076,0.087,0.053,0.077
62034707210,A1296355,Generation,15/1/2015,No,0.0,0.0,0.0,0.0,0.0,0.0,0.0,0.0,0.0,0.0,0.0,0.0,0.0,0.0,0.0,0.0,0.0,0.0,0.0,0.003,0.0,0.0,0.011,0.08,0.261,0.199,0.423,0.561,0.509,0.342,0.273,0.432,0.307,0.134,0.065,0.087,0.075,0.04,0.036,0.0,0.0,0.0,0.0,0.0,0.0,0.0,0.0,0.0
62034707210,A1296355,Consumption,16/1/2015,No,0.061,0.076,0.069,0.054,0.076,0.051,0.089,0.054,0.073,0.059,0.05,0.079,0.053,0.457,0.263,1.067,0.768,0.322,0.018,0.03,0.016,0.0,0.348,0.353,0.308,0.019,0.0,0.0,0.0,0.0,0.0,0.0,0.0,0.002,0.017,0.046,0.027,0.048,0.268,0.287,0.196,0.184,0.222,0.187,0.143,0.118,0.143,0.093
62034707210,A1296355,Generation,16/1/2015,No,0.0,0.0,0.0,0.0,0.0,0.0,0.0,0.0,0.0,0.0,0.0,0.0,0.0,0.0,0.0,0.0,0.0,0.047,0.156,0.39,0.324,0.51,0.25,0.256,0.372,0.6,0.673,0.758,0.862,0.861,0.747,0.723,0.631,0.492,0.346,0.235,0.113,0.013,0.0,0.0,0.0,0.0,0.0,0.0,0.0,0.0,0.0,0.0
62034707210,A1296355,Consumption,17/1/2015,No,0.114,0.087,0.118,0.064,0.097,0.072,0.109,0.056,0.087,0.058,0.095,0.062,0.085,0.178,0.07,0.032,0.055,0.042,0.079,0.381,0.36,0.158,0.0,0.0,0.0,0.0,0.0,0.0,0.0,0.0,0.006,0.0,0.029,0.04,0.004,0.005,0.042,0.024,0.086,0.357,0.307,0.465,0.48,0.083,0.063,0.074,0.071,0.068
62034707210,A1296355,Generation,17/1/2015,No,0.0,0.0,0.0,0.0,0.0,0.0,0.0,0.0,0.0,0.0,0.0,0.0,0.0,0.0,0.0,0.045,0.046,0.176,0.207,0.1,0.281,0.402,0.7,0.853,0.863,0.89,0.898,0.931,0.886,0.862,0.658,0.724,0.34,0.193,0.203,0.112,0.091,0.016,0.002,0.0,0.0,0.0,0.0,0.0,0.0,0.0,0.0,0.0
62034707210,A1296355,Consumption,18/1/2015,No,0.058,0.07,0.064,0.077,0.051,0.077,0.047,0.083,0.051,0.08,0.047,0.05,0.069,0.048,0.766,0.542,0.469,0.216,0.418,0.572,0.0,0.0,0.025,0.0,0.0,0.0,0.049,0.011,0.007,0.009,0.01,0.006,0.0,0.021,0.007,0.0,0.151,0.505,0.545,0.323,0.751,0.279,0.211,0.179,0.063,0.083,0.056,0.06
62034707210,A1296355,Generation,18/1/2015,No,0.0,0.0,0.0,0.0,0.0,0.0,0.0,0.0,0.0,0.0,0.0,0.0,0.0,0.0,0.0,0.009,0.045,0.134,0.048,0.071,0.448,0.381,0.465,0.528,0.426,0.582,0.503,0.589,0.569,0.675,0.643,0.538,0.34,0.321,0.24,0.255,0.072,0.006,0.0,0.0,0.0,0.0,0.0,0.0,0.0,0.0,0.0,0.0
62034707210,A1296355,Consumption,19/1/2015,No,0.073,0.052,0.089,0.05,0.072,0.055,0.049,0.085,0.051,0.058,0.149,0.101,0.043,1.33,0.863,0.582,0.022,0.013,0.06,0.022,0.0,0.0,0.0,0.219,0.195,0.012,0.0,0.007,0.0,0.0,0.0,0.0,0.0,0.0,0.0,0.683,0.113,0.267,0.296,0.294,0.32,0.095,0.1,0.117,0.088,0.086,0.077,0.08
62034707210,A1296355,Generation,19/1/2015,No,0.0,0.0,0.0,0.0,0.0,0.0,0.0,0.0,0.0,0.0,0.0,0.0,0.0,0.0,0.0,0.01,0.149,0.306,0.318,0.555,0.54,0.782,0.724,0.444,0.252,0.555,0.889,0.764,0.824,0.618,0.687,0.624,0.598,0.438,0.349,0.063,0.025,0.0,0.0,0.0,0.0,0.0,0.0,0.0,0.0,0.0,0.0,0.0
62034707210,A1296355,Consumption,20/1/2015,No,0.076,0.063,0.158,0.114,0.059,0.096,0.058,0.086,0.05,0.083,0.052,0.071,0.189,1.131,0.733,0.271,0.069,0.022,0.204,0.35,0.312,0.063,0.309,0.013,0.003,0.008,0.009,0.005,0.005,0.01,0.004,0.036,0.032,0.029,0.176,0.569,0.195,0.401,0.532,0.449,0.404,0.35,0.331,0.25,0.208,0.157,0.175,0.166
62034707210,A1296355,Generation,20/1/2015,No,0.0,0.0,0.0,0.0,0.0,0.0,0.0,0.0,0.0,0.0,0.0,0.0,0.0,0.0,0.0,0.01,0.041,0.111,0.082,0.102,0.081,0.227,0.198,0.284,0.43,0.391,0.357,0.447,0.413,0.365,0.363,0.348,0.181,0.106,0.062,0.0,0.004,0.0,0.0,0.0,0.0,0.0,0.0,0.0,0.0,0.0,0.0,0.0
62034707210,A1296355,Consumption,21/1/2015,No,0.193,0.373,0.34,0.326,0.315,0.192,0.152,0.115,0.114,0.136,0.117,0.123,0.109,0.564,0.233,0.385,0.501,0.405,0.155,0.092,0.004,0.001,0.336,0.332,0.256,0.057,0.0,0.0,0.01,0.002,0.021,0.228,0.851,1.496,1.025,0.768,0.786,1.034,0.869,0.747,0.69,0.623,0.463,0.346,0.202,0.137,0.152,0.147
62034707210,A1296355,Generation,21/1/2015,No,0.0,0.0,0.0,0.0,0.0,0.0,0.0,0.0,0.0,0.0,0.0,0.0,0.0,0.0,0.0,0.0,0.0,0.0,0.002,0.058,0.308,0.531,0.234,0.287,0.194,0.49,0.805,0.713,0.39,0.579,0.193,0.21,0.0,0.0,0.0,0.0,0.0,0.0,0.0,0.0,0.0,0.0,0.0,0.0,0.0,0.0,0.0,0.0
62034707210,A1296355,Consumption,22/1/2015,No,0.225,0.254,0.245,0.307,0.37,0.183,0.2,0.159,0.213,0.096,0.141,0.125,0.1,0.276,0.204,0.121,0.0,0.0,0.027,0.028,0.002,0.001,0.408,0.307,0.062,0.423,0.188,0.211,0.22,0.183,0.298,0.326,0.679,1.091,1.251,0.65,0.984,0.796,0.771,1.279,1.299,0.798,0.25,0.229,0.186,0.238,0.196,0.193
62034707210,A1296355,Generation,22/1/2015,No,0.0,0.0,0.0,0.0,0.0,0.0,0.0,0.0,0.0,0.0,0.0,0.0,0.0,0.0,0.0,0.0,0.03,0.137,0.287,0.317,0.409,0.499,0.178,0.039,0.23,0.081,0.068,0.036,0.052,0.054,0.05,0.007,0.0,0.0,0.0,0.0,0.0,0.0,0.0,0.0,0.0,0.0,0.0,0.0,0.0,0.0,0.0,0.0
62034707210,A1296355,Consumption,23/1/2015,No,0.127,0.152,0.101,0.164,0.18,0.165,0.103,0.17,0.101,0.136,0.108,0.223,0.206,0.122,0.343,0.05,0.036,0.014,0.013,0.034,0.0,0.013,0.046,0.023,0.054,0.155,0.015,0.025,0.042,0.03,0.137,0.077,0.366,0.262,0.231,0.392,0.522,0.549,0.589,0.449,0.391,0.365,0.307,0.133,0.143,0.132,0.087,0.124
62034707210,A1296355,Generation,23/1/2015,No,0.0,0.0,0.0,0.0,0.0,0.0,0.0,0.0,0.0,0.0,0.0,0.0,0.0,0.0,0.0,0.018,0.086,0.263,0.285,0.229,0.237,0.274,0.177,0.106,0.193,0.046,0.278,0.207,0.161,0.182,0.041,0.189,0.016,0.013,0.011,0.0,0.0,0.0,0.0,0.0,0.0,0.0,0.0,0.0,0.0,0.0,0.0,0.0
62034707210,A1296355,Consumption,24/1/2015,No,0.097,0.133,0.066,0.105,0.064,0.103,0.063,0.089,0.059,0.092,0.071,0.08,0.151,0.069,0.037,0.0,0.099,0.032,0.143,0.143,0.295,0.07,0.15,0.0,0.0,0.0,0.059,0.003,0.028,0.0,0.0,0.0,0.01,0.164,0.08,0.41,0.751,0.586,0.359,0.322,0.386,0.443,0.333,0.276,0.27,0.343,0.218,0.182
62034707210,A1296355,Generation,24/1/2015,No,0.0,0.0,0.0,0.0,0.0,0.0,0.0,0.0,0.0,0.0,0.0,0.0,0.0,0.0,0.012,0.034,0.133,0.17,0.047,0.277,0.269,0.571,0.439,0.756,0.771,0.772,0.661,0.319,0.575,0.218,0.305,0.318,0.121,0.022,0.17,0.096,0.0,0.0,0.0,0.0,0.0,0.0,0.0,0.0,0.0,0.0,0.0,0.0
62034707210,A1296355,Consumption,25/1/2015,No,0.219,0.124,0.169,0.103,0.113,0.113,0.075,0.114,0.083,0.193,0.217,0.132,0.162,0.13,0.093,0.046,0.01,0.303,0.075,0.0,0.0,0.053,0.299,0.225,0.21,0.0,0.0,0.0,0.183,0.013,0.0,0.003,0.012,0.003,0.015,0.37,0.395,0.143,0.117,0.725,0.639,0.388,0.715,0.331,0.255,0.233,0.142,0.113
62034707210,A1296355,Generation,25/1/2015,No,0.0,0.0,0.0,0.0,0.0,0.0,0.0,0.0,0.0,0.0,0.0,0.0,0.0,0.0,0.0,0.029,0.107,0.171,0.407,0.485,0.609,0.351,0.353,0.402,0.305,0.682,0.7,0.743,0.274,0.721,0.54,0.475,0.44,0.333,0.223,0.064,0.004,0.0,0.0,0.0,0.0,0.0,0.0,0.0,0.0,0.0,0.0,0.0
62034707210,A1296355,Consumption,26/1/2015,No,0.073,0.081,0.094,0.06,0.098,0.056,0.062,0.089,0.059,0.087,0.065,0.054,0.088,0.05,0.089,0.038,0.035,0.544,0.0,0.0,0.55,0.472,0.255,0.0,0.002,0.0,0.0,0.6,0.741,0.018,0.289,0.253,0.02,0.035,0.016,0.912,0.49,0.556,0.559,0.096,0.242,0.844,0.647,0.184,0.548,0.081,0.078,0.086
62034707210,A1296355,Generation,26/1/2015,No,0.0,0.0,0.0,0.0,0.0,0.0,0.0,0.0,0.0,0.0,0.0,0.0,0.0,0.0,0.0,0.033,0.175,0.056,0.446,0.598,0.068,0.264,0.284,0.795,0.755,0.459,0.636,0.155,0.112,0.44,0.142,0.185,0.162,0.407,0.18,0.051,0.025,0.001,0.0,0.0,0.0,0.0,0.0,0.0,0.0,0.0,0.0,0.0
62034707210,A1296355,Consumption,27/1/2015,No,0.058,0.093,0.061,0.081,0.076,0.06,0.087,0.055,0.087,0.06,0.967,0.384,0.357,0.377,0.34,0.847,1.053,0.548,0.33,0.0,0.0,0.01,0.0,0.0,0.0,0.0,0.0,0.028,0.0,0.0,0.0,0.0,0.0,0.0,0.0,0.016,0.08,0.024,0.083,0.133,0.186,0.183,0.118,0.063,0.085,0.074,0.055,0.103
62034707210,A1296355,Generation,27/1/2015,No,0.0,0.0,0.0,0.0,0.0,0.0,0.0,0.0,0.0,0.0,0.0,0.0,0.0,0.0,0.0,0.0,0.0,0.017,0.061,0.572,0.696,0.725,0.827,0.868,0.927,0.891,0.84,0.787,0.878,0.873,0.797,0.717,0.531,0.449,0.449,0.267,0.113,0.017,0.0,0.0,0.0,0.0,0.0,0.0,0.0,0.0,0.0,0.0
62034707210,A1296355,Consumption,28/1/2015,No,0.06,0.059,0.102,0.054,0.059,0.092,0.061,0.061,0.099,0.061,0.055,0.094,0.288,1.217,1.051,0.796,0.598,0.29,0.0,0.497,0.318,0.214,0.019,0.317,0.018,0.035,0.317,0.256,0.028,0.0,0.017,0.0,0.008,0.016,0.0,0.0,0.022,0.06,0.257,0.578,0.383,0.174,0.078,0.104,0.089,0.128,0.102,0.072
62034707210,A1296355,Generation,28/1/2015,No,0.0,0.0,0.0,0.0,0.0,0.0,0.0,0.0,0.0,0.0,0.0,0.0,0.0,0.0,0.0,0.0,0.0,0.07,0.183,0.129,0.288,0.415,0.662,0.59,0.82,0.786,0.009,0.066,0.633,0.66,0.755,0.697,0.485,0.342,0.399,0.271,0.099,0.0,0.0,0.0,0.0,0.0,0.0,0.0,0.0,0.0,0.0,0.0
62034707210,A1296355,Consumption,29/1/2015,No,0.108,0.07,0.064,0.114,0.071,0.08,0.107,0.065,0.068,0.095,0.056,0.061,0.23,1.334,0.994,0.662,0.009,0.006,0.444,0.695,0.092,0.501,0.447,0.036,0.0,0.0,0.32,0.145,0.245,0.003,0.011,0.025,0.015,0.015,0.009,0.093,0.466,0.389,0.336,0.307,0.452,0.289,0.171,0.093,0.085,0.068,0.111,0.06
62034707210,A1296355,Generation,29/1/2015,No,0.0,0.0,0.0,0.0,0.0,0.0,0.0,0.0,0.0,0.0,0.0,0.0,0.0,0.0,0.0,0.0,0.051,0.156,0.06,0.171,0.401,0.294,0.251,0.649,0.749,0.755,0.299,0.442,0.305,0.551,0.538,0.444,0.384,0.297,0.269,0.087,0.0,0.0,0.0,0.0,0.0,0.0,0.0,0.0,0.0,0.0,0.0,0.0
62034707210,A1296355,Consumption,30/1/2015,No,0.069,0.097,0.062,0.087,0.083,0.058,0.089,0.07,0.06,0.09,0.075,0.061,0.728,1.214,0.978,0.832,0.672,1.143,0.62,0.573,0.002,0.002,0.047,0.01,0.0,0.0,0.0,0.0,0.0,0.0,0.0,0.0,0.0,0.0,0.05,0.0,0.0,0.18,0.4,0.307,0.228,0.201,0.16,0.159,0.277,0.081,0.11,0.092
62034707210,A1296355,Generation,30/1/2015,No,0.0,0.0,0.0,0.0,0.0,0.0,0.0,0.0,0.0,0.0,0.0,0.0,0.0,0.0,0.0,0.0,0.0,0.001,0.0,0.044,0.366,0.305,0.096,0.483,0.404,0.518,0.386,0.535,0.388,0.457,0.559,0.731,0.569,0.531,0.378,0.173,0.084,0.015,0.0,0.0,0.0,0.0,0.0,0.0,0.0,0.0,0.0,0.0
62034707210,A1296355,Consumption,31/1/2015,No,0.072,0.106,0.083,0.076,0.11,0.088,0.082,0.107,0.082,0.073,0.093,0.097,0.077,0.095,0.278,0.206,0.451,0.447,0.778,0.438,0.088,0.453,0.121,0.104,0.036,0.028,0.0,0.0,0.0,0.104,0.019,0.0,0.049,0.0,0.091,0.765,0.419,0.757,0.52,0.459,0.613,0.452,0.626,0.625,0.191,0.551,0.106,0.068
62034707210,A1296355,Generation,31/1/2015,No,0.0,0.0,0.0,0.0,0.0,0.0,0.0,0.0,0.0,0.0,0.0,0.0,0.0,0.0,0.0,0.0,0.0,0.0,0.0,0.0,0.026,0.006,0.026,0.089,0.16,0.037,0.187,0.162,0.351,0.166,0.342,0.599,0.4,0.387,0.217,0.0,0.0,0.0,0.0,0.0,0.0,0.0,0.0,0.0,0.0,0.0,0.0,0.0
62034707210,A1296355,Consumption,1/2/2015,No,0.119,0.075,0.091,0.088,0.07,0.114,0.066,0.086,0.076,0.057,0.095,0.063,0.064,0.101,0.615,1.255,0.361,0.0,0.0,0.525,0.042,0.023,0.018,0.026,0.0,0.0,0.0,0.0,0.0,0.0,0.0,0.0,0.103,0.05,0.0,0.0,0.47,0.422,0.192,1.103,0.431,0.397,0.193,0.196,0.108,0.101,0.062,0.064
62034707210,A1296355,Generation,1/2/2015,No,0.0,0.0,0.0,0.0,0.0,0.0,0.0,0.0,0.0,0.0,0.0,0.0,0.0,0.0,0.0,0.0,0.089,0.248,0.19,0.085,0.399,0.283,0.291,0.276,0.521,0.48,0.49,0.354,0.344,0.224,0.299,0.336,0.273,0.201,0.388,0.288,0.061,0.016,0.0,0.0,0.0,0.0,0.0,0.0,0.0,0.0,0.0,0.0
62034707210,A1296355,Consumption,2/2/2015,No,0.089,0.065,0.097,0.063,0.055,0.093,0.061,0.072,0.086,0.056,0.069,0.073,0.366,1.441,1.026,0.835,1.019,0.834,0.276,1.21,0.543,0.0,0.0,0.0,0.011,0.0,0.0,0.0,0.0,0.0,0.0,0.0,0.0,0.623,0.703,0.567,0.133,0.067,0.046,0.096,0.345,0.202,0.063,0.093,0.157,0.248,0.189,0.089
62034707210,A1296355,Generation,2/2/2015,No,0.0,0.0,0.0,0.0,0.0,0.0,0.0,0.0,0.0,0.0,0.0,0.0,0.0,0.0,0.0,0.0,0.0,0.027,0.151,0.001,0.115,0.743,0.816,0.866,0.883,0.887,0.783,0.695,0.866,0.776,0.683,0.561,0.472,0.205,0.108,0.022,0.009,0.013,0.0,0.0,0.0,0.0,0.0,0.0,0.0,0.0,0.0,0.0
62034707210,A1296355,Consumption,3/2/2015,No,0.073,0.092,0.056,0.081,0.083,0.064,0.092,0.065,0.054,0.101,0.066,0.061,0.089,0.061,1.915,0.59,0.0,0.001,0.0,0.291,0.158,0.027,0.191,0.0,0.408,0.015,0.0,0.0,0.0,0.0,0.0,0.008,0.017,0.0,0.0,0.0,0.113,0.277,0.282,0.302,0.339,0.293,0.34,0.147,0.117,0.13,0.082,0.107
62034707210,A1296355,Generation,3/2/2015,No,0.0,0.0,0.0,0.0,0.0,0.0,0.0,0.0,0.0,0.0,0.0,0.0,0.0,0.0,0.0,0.002,0.11,0.24,0.379,0.262,0.394,0.488,0.329,0.743,0.389,0.817,0.831,0.786,0.697,0.762,0.65,0.452,0.541,0.453,0.33,0.243,0.065,0.0,0.0,0.0,0.0,0.0,0.0,0.0,0.0,0.0,0.0,0.0
62034707210,A1296355,Consumption,4/2/2015,No,0.073,0.063,0.091,0.059,0.095,0.074,0.059,0.096,0.055,0.078,0.086,0.061,0.702,0.48,0.245,0.235,0.105,0.338,0.144,0.006,0.141,0.131,0.479,0.705,0.299,0.211,0.092,0.0,0.0,0.015,0.061,0.147,0.124,0.225,0.607,0.482,0.102,0.187,0.284,0.294,0.444,0.619,0.497,0.394,0.223,0.109,0.069,0.1
62034707210,A1296355,Generation,4/2/2015,No,0.0,0.0,0.0,0.0,0.0,0.0,0.0,0.0,0.0,0.0,0.0,0.0,0.0,0.0,0.0,0.0,0.0,0.0,0.0,0.058,0.069,0.049,0.0,0.0,0.178,0.217,0.393,0.411,0.498,0.707,0.576,0.438,0.383,0.274,0.164,0.065,0.004,0.0,0.0,0.0,0.0,0.0,0.0,0.0,0.0,0.0,0.0,0.0
62034707210,A1296355,Consumption,5/2/2015,No,0.068,0.086,0.07,0.077,0.088,0.066,0.101,0.059,0.095,0.062,0.072,0.103,0.073,0.119,1.175,0.311,0.021,0.033,0.003,0.001,0.0,0.0,0.0,0.0,0.0,0.0,0.022,0.0,0.013,0.042,0.0,0.0,0.065,0.0,0.06,0.429,0.414,0.243,0.164,0.081,0.125,0.092,0.116,0.078,0.121,0.287,0.319,0.255
62034707210,A1296355,Generation,5/2/2015,No,0.0,0.0,0.0,0.0,0.0,0.0,0.0,0.0,0.0,0.0,0.0,0.0,0.0,0.0,0.0,0.025,0.113,0.263,0.392,0.528,0.606,0.6,0.674,0.788,0.775,0.803,0.689,0.813,0.449,0.356,0.201,0.244,0.187,0.223,0.117,0.0,0.0,0.002,0.0,0.0,0.0,0.0,0.0,0.0,0.0,0.0,0.0,0.0
62034707210,A1296355,Consumption,6/2/2015,No,0.228,0.063,0.095,0.06,0.103,0.065,0.093,0.058,0.091,0.067,0.083,0.07,0.094,0.689,0.386,0.144,0.022,0.0,0.0,0.031,0.018,0.391,0.174,0.0,0.312,0.0,0.021,0.032,0.019,0.106,0.491,0.496,0.36,0.884,0.764,0.647,1.114,0.761,0.437,0.552,0.439,0.548,0.486,0.395,0.158,0.157,0.12,0.139
62034707210,A1296355,Generation,6/2/2015,No,0.0,0.0,0.0,0.0,0.0,0.0,0.0,0.0,0.0,0.0,0.0,0.0,0.0,0.0,0.0,0.0,0.002,0.141,0.267,0.308,0.454,0.269,0.467,0.704,0.225,0.382,0.407,0.404,0.316,0.199,0.08,0.0,0.0,0.0,0.0,0.0,0.0,0.0,0.0,0.0,0.0,0.0,0.0,0.0,0.0,0.0,0.0,0.0
62034707210,A1296355,Consumption,7/2/2015,No,0.073,0.183,0.145,0.1,0.2,0.197,0.123,0.1,0.116,0.095,0.088,0.253,0.125,0.093,0.24,0.427,0.213,0.056,0.108,0.16,0.001,0.0,0.0,0.0,0.0,0.0,0.0,0.0,0.0,0.0,0.576,0.754,0.838,0.512,0.461,0.362,0.597,0.75,0.685,0.512,0.354,0.229,0.254,0.264,0.252,0.264,0.233,0.21
62034707210,A1296355,Generation,7/2/2015,No,0.0,0.0,0.0,0.0,0.0,0.0,0.0,0.0,0.0,0.0,0.0,0.0,0.0,0.0,0.0,0.0,0.0,0.056,0.01,0.025,0.207,0.172,0.198,0.585,0.491,0.559,0.468,0.484,0.43,0.295,0.094,0.0,0.0,0.0,0.0,0.0,0.0,0.0,0.0,0.0,0.0,0.0,0.0,0.0,0.0,0.0,0.0,0.0
62034707210,A1296355,Consumption,8/2/2015,No,0.162,0.238,0.249,0.258,0.184,0.234,0.193,0.203,0.171,0.16,0.165,0.122,0.102,0.071,0.099,0.002,0.0,0.0,0.0,0.0,0.0,0.0,0.0,0.0,0.105,0.028,0.008,0.052,0.008,0.0,0.0,0.0,0.0,0.0,0.0,0.521,0.532,0.512,0.252,0.236,0.201,0.162,0.157,0.119,0.139,0.104,0.111,0.06
62034707210,A1296355,Generation,8/2/2015,No,0.0,0.0,0.0,0.0,0.0,0.0,0.0,0.0,0.0,0.0,0.0,0.0,0.0,0.0,0.0,0.012,0.099,0.262,0.396,0.471,0.625,0.513,0.462,0.519,0.36,0.45,0.499,0.445,0.372,0.479,0.464,0.414,0.327,0.446,0.388,0.091,0.016,0.0,0.0,0.0,0.0,0.0,0.0,0.0,0.0,0.0,0.0,0.0
62034707210,A1296355,Consumption,9/2/2015,No,0.097,0.06,0.099,0.049,0.084,0.061,0.08,0.075,0.05,0.086,0.05,0.08,0.119,0.266,0.234,0.181,0.401,0.388,0.156,0.094,0.002,0.0,0.021,0.023,0.0,0.0,0.0,0.0,0.0,0.0,0.0,0.0,0.037,0.328,0.304,0.393,0.151,0.164,0.398,0.369,0.3,0.264,0.272,0.188,0.217,0.115,0.139,0.098
62034707210,A1296355,Generation,9/2/2015,No,0.0,0.0,0.0,0.0,0.0,0.0,0.0,0.0,0.0,0.0,0.0,0.0,0.0,0.0,0.0,0.0,0.0,0.0,0.014,0.313,0.548,0.647,0.46,0.703,0.722,0.787,0.876,0.827,0.86,0.796,0.761,0.681,0.552,0.284,0.144,0.072,0.008,0.013,0.0,0.0,0.0,0.0,0.0,0.0,0.0,0.0,0.0,0.0
62034707210,A1296355,Consumption,10/2/2015,No,0.11,0.092,0.131,0.11,0.111,0.134,0.092,0.121,0.087,0.137,0.082,0.104,0.289,0.177,0.293,0.083,0.155,0.041,0.0,0.181,0.294,0.0,0.098,0.0,0.0,0.0,0.0,0.0,0.0,0.0,0.033,0.0,0.105,0.41,1.305,1.124,0.647,1.775,1.626,1.104,0.924,0.303,0.285,0.133,0.14,0.123,0.141,0.249
62034707210,A1296355,Generation,10/2/2015,No,0.0,0.0,0.0,0.0,0.0,0.0,0.0,0.0,0.0,0.0,0.0,0.0,0.0,0.0,0.0,0.0,0.014,0.107,0.305,0.368,0.215,0.576,0.466,0.806,0.687,0.323,0.346,0.327,0.351,0.339,0.22,0.142,0.023,0.0,0.0,0.0,0.0,0.0,0.0,0.0,0.0,0.0,0.0,0.0,0.0,0.0,0.0,0.0
62034707210,A1296355,Consumption,11/2/2015,No,0.335,0.425,0.499,0.403,0.391,0.341,0.354,0.314,0.267,0.105,0.14,0.118,0.148,0.806,0.77,0.297,0.592,0.154,0.0,0.0,0.0,0.245,1.16,0.766,0.206,0.099,0.046,0.144,0.259,0.816,1.33,0.84,0.983,0.781,0.75,0.789,0.973,0.917,0.903,0.838,0.467,0.262,0.267,0.297,0.34,0.335,0.26,0.13
62034707210,A1296355,Generation,11/2/2015,No,0.0,0.0,0.0,0.0,0.0,0.0,0.0,0.0,0.0,0.0,0.0,0.0,0.0,0.0,0.0,0.0,0.0,0.029,0.188,0.324,0.433,0.347,0.0,0.0,0.018,0.016,0.049,0.01,0.0,0.0,0.0,0.0,0.0,0.0,0.0,0.0,0.0,0.0,0.0,0.0,0.0,0.0,0.0,0.0,0.0,0.0,0.0,0.0
62034707210,A1296355,Consumption,12/2/2015,No,0.172,0.153,0.177,0.131,0.133,0.131,0.11,0.136,0.094,0.142,0.104,0.118,0.586,0.254,0.224,0.159,0.122,0.015,0.115,0.349,0.172,0.0,0.261,0.0,0.0,0.017,0.0,0.007,0.016,0.015,0.01,0.017,0.024,0.024,0.109,0.091,0.338,0.282,0.296,0.21,0.113,0.132,0.266,0.564,0.363,0.499,0.154,0.12
62034707210,A1296355,Generation,12/2/2015,No,0.0,0.0,0.0,0.0,0.0,0.0,0.0,0.0,0.0,0.0,0.0,0.0,0.0,0.0,0.0,0.0,0.0,0.023,0.149,0.191,0.352,0.662,0.453,0.784,0.697,0.628,0.566,0.497,0.293,0.288,0.365,0.294,0.189,0.19,0.02,0.024,0.0,0.0,0.0,0.0,0.0,0.0,0.0,0.0,0.0,0.0,0.0,0.0
62034707210,A1296355,Consumption,13/2/2015,No,0.103,0.082,0.108,0.082,0.115,0.069,0.111,0.089,0.084,0.099,0.068,0.118,0.079,0.288,0.3,0.132,0.089,0.0,0.0,0.0,0.0,0.0,0.0,0.0,0.0,0.0,0.0,0.003,0.726,0.22,0.241,0.498,0.813,0.613,0.648,0.406,0.331,0.253,0.15,0.179,0.11,0.149,0.113,0.138,0.107,0.119,0.142,0.141
62034707210,A1296355,Generation,13/2/2015,No,0.0,0.0,0.0,0.0,0.0,0.0,0.0,0.0,0.0,0.0,0.0,0.0,0.0,0.0,0.0,0.0,0.005,0.133,0.234,0.261,0.528,0.677,0.621,0.712,0.77,0.807,0.409,0.414,0.0,0.0,0.0,0.0,0.0,0.0,0.0,0.0,0.0,0.0,0.0,0.0,0.0,0.0,0.0,0.0,0.0,0.0,0.0,0.0
62034707210,A1296355,Consumption,14/2/2015,No,0.154,0.098,0.139,0.094,0.115,0.103,0.131,0.155,0.123,0.1,0.108,0.072,0.108,0.093,0.105,0.356,0.201,0.365,0.161,0.2,0.281,0.104,0.026,0.003,0.005,0.066,0.106,0.507,0.318,0.036,1.026,0.518,0.19,0.329,0.199,0.385,0.462,0.865,1.045,0.839,0.677,0.637,0.449,0.311,0.273,0.193,0.247,0.155
62034707210,A1296355,Generation,14/2/2015,No,0.0,0.0,0.0,0.0,0.0,0.0,0.0,0.0,0.0,0.0,0.0,0.0,0.0,0.0,0.0,0.0,0.0,0.003,0.018,0.0,0.012,0.267,0.345,0.597,0.57,0.459,0.13,0.105,0.155,0.254,0.053,0.131,0.0,0.0,0.0,0.0,0.0,0.0,0.0,0.0,0.0,0.0,0.0,0.0,0.0,0.0,0.0,0.0
62034707210,A1296355,Consumption,15/2/2015,No,0.2,0.119,0.139,0.094,0.112,0.113,0.086,0.116,0.078,0.118,0.065,0.088,0.094,0.074,0.106,0.225,0.038,0.683,0.87,0.237,0.023,0.381,0.272,0.612,0.238,0.0,0.032,0.054,0.391,0.672,1.207,0.398,1.041,0.978,0.521,0.855,1.118,1.304,1.004,0.716,0.709,0.94,0.812,0.527,0.175,0.203,0.168,0.145
62034707210,A1296355,Generation,15/2/2015,No,0.0,0.0,0.0,0.0,0.0,0.0,0.0,0.0,0.0,0.0,0.0,0.0,0.0,0.0,0.0,0.0,0.009,0.032,0.006,0.242,0.396,0.247,0.272,0.043,0.112,0.331,0.228,0.152,0.053,0.026,0.054,0.15,0.0,0.106,0.104,0.0,0.0,0.0,0.0,0.0,0.0,0.0,0.0,0.0,0.0,0.0,0.0,0.0
62034707210,A1296355,Consumption,16/2/2015,No,0.181,0.182,0.219,0.162,0.198,0.15,0.164,0.146,0.154,0.157,0.134,0.157,0.122,0.223,0.214,0.186,0.362,0.166,0.0,0.0,0.0,0.0,0.0,0.0,0.0,0.0,0.0,0.0,0.0,0.0,0.0,0.0,0.0,0.0,0.0,0.0,0.0,0.021,0.034,0.11,0.08,0.128,0.263,0.329,0.243,0.188,0.086,0.135
62034707210,A1296355,Generation,16/2/2015,No,0.0,0.0,0.0,0.0,0.0,0.0,0.0,0.0,0.0,0.0,0.0,0.0,0.0,0.0,0.0,0.0,0.0,0.083,0.405,0.543,0.549,0.683,0.752,0.84,0.821,0.885,0.843,0.889,0.802,0.812,0.733,0.694,0.602,0.516,0.402,0.268,0.143,0.002,0.0,0.0,0.0,0.0,0.0,0.0,0.0,0.0,0.0,0.0
62034707210,A1296355,Consumption,17/2/2015,No,0.102,0.097,0.099,0.081,0.104,0.067,0.12,0.076,0.087,0.08,0.063,0.166,0.12,0.261,0.294,0.173,0.21,0.719,0.253,0.114,0.313,0.0,0.0,0.0,0.0,0.007,0.01,0.003,0.0,0.0,0.0,0.018,0.0,0.0,0.176,0.316,0.007,0.327,0.63,0.116,0.526,0.079,0.109,0.063,0.112,0.1,0.094,0.174
62034707210,A1296355,Generation,17/2/2015,No,0.0,0.0,0.0,0.0,0.0,0.0,0.0,0.0,0.0,0.0,0.0,0.0,0.0,0.0,0.0,0.0,0.0,0.024,0.11,0.032,0.211,0.546,0.688,0.753,0.756,0.814,0.795,0.824,0.878,0.83,0.821,0.66,0.567,0.562,0.321,0.163,0.056,0.007,0.0,0.0,0.0,0.0,0.0,0.0,0.0,0.0,0.0,0.0
62034707210,A1296355,Consumption,18/2/2015,No,0.139,0.088,0.095,0.082,0.091,0.101,0.072,0.105,0.066,0.104,0.08,0.074,0.096,0.215,0.345,0.187,0.131,0.103,0.012,0.047,0.0,0.056,0.07,0.0,0.0,0.0,0.0,0.0,0.0,0.0,0.0,0.0,0.001,0.002,0.028,0.138,0.353,0.202,0.157,0.064,0.103,0.071,0.088,0.097,0.062,0.101,0.069,0.161
62034707210,A1296355,Generation,18/2/2015,No,0.0,0.0,0.0,0.0,0.0,0.0,0.0,0.0,0.0,0.0,0.0,0.0,0.0,0.0,0.0,0.0,0.0,0.0,0.012,0.012,0.225,0.062,0.145,0.315,0.432,0.399,0.385,0.323,0.4,0.306,0.28,0.201,0.292,0.074,0.051,0.008,0.001,0.0,0.0,0.0,0.0,0.0,0.0,0.0,0.0,0.0,0.0,0.0
62034707210,A1296355,Consumption,19/2/2015,No,0.119,0.089,0.077,0.099,0.065,0.103,0.06,0.106,0.072,0.077,0.081,0.062,0.113,0.256,0.418,0.19,0.581,1.199,0.734,0.184,0.257,0.113,0.156,0.037,0.006,0.0,0.095,0.001,0.0,0.035,0.156,0.135,0.179,0.223,0.357,0.572,0.657,0.773,0.712,0.484,0.23,0.11,0.08,0.109,0.08,0.094,0.093,0.092
62034707210,A1296355,Generation,19/2/2015,No,0.0,0.0,0.0,0.0,0.0,0.0,0.0,0.0,0.0,0.0,0.0,0.0,0.0,0.0,0.0,0.0,0.0,0.0,0.013,0.256,0.299,0.444,0.412,0.459,0.561,0.126,0.018,0.047,0.075,0.093,0.002,0.005,0.0,0.0,0.0,0.0,0.0,0.0,0.0,0.0,0.0,0.0,0.0,0.0,0.0,0.0,0.0,0.0
62034707210,A1296355,Consumption,20/2/2015,No,0.075,0.108,0.253,0.203,0.162,0.175,0.127,0.15,0.097,0.124,0.09,0.118,0.099,0.326,0.339,0.16,0.095,0.013,0.05,0.0,0.0,0.0,0.0,0.055,0.346,0.093,0.05,0.173,0.071,0.045,0.041,0.877,0.808,0.742,0.299,0.907,0.041,0.414,0.252,0.147,0.119,0.19,0.215,0.231,0.203,0.214,0.176,0.18
62034707210,A1296355,Generation,20/2/2015,No,0.0,0.0,0.0,0.0,0.0,0.0,0.0,0.0,0.0,0.0,0.0,0.0,0.0,0.0,0.0,0.0,0.0,0.086,0.212,0.224,0.484,0.722,0.52,0.308,0.049,0.212,0.384,0.162,0.315,0.225,0.171,0.01,0.0,0.0,0.009,0.043,0.122,0.0,0.0,0.0,0.0,0.0,0.0,0.0,0.0,0.0,0.0,0.0
62034707210,A1296355,Consumption,21/2/2015,No,0.15,0.078,0.098,0.083,0.087,0.079,0.106,0.065,0.096,0.073,0.106,0.06,0.107,0.396,0.426,0.24,0.33,0.167,0.0,0.0,0.0,0.0,0.0,0.033,0.0,0.001,0.035,0.175,0.081,0.085,0.992,0.695,0.437,1.892,1.514,1.203,1.312,1.318,0.94,0.901,0.577,0.222,0.208,0.226,0.158,0.18,0.17,0.155
62034707210,A1296355,Generation,21/2/2015,No,0.0,0.0,0.0,0.0,0.0,0.0,0.0,0.0,0.0,0.0,0.0,0.0,0.0,0.0,0.0,0.0,0.0,0.034,0.202,0.325,0.375,0.418,0.488,0.22,0.16,0.065,0.093,0.003,0.036,0.001,0.0,0.0,0.0,0.0,0.0,0.0,0.0,0.0,0.0,0.0,0.0,0.0,0.0,0.0,0.0,0.0,0.0,0.0
62034707210,A1296355,Consumption,22/2/2015,No,0.22,0.216,0.211,0.182,0.178,0.154,0.173,0.147,0.112,0.087,0.093,0.097,0.13,0.188,0.833,0.806,0.353,0.101,0.316,0.638,1.26,1.261,0.211,0.248,0.466,0.282,0.402,0.664,0.237,0.35,0.291,0.364,0.282,0.187,0.195,0.386,0.413,0.549,0.487,0.514,0.485,0.483,0.493,0.457,0.373,0.276,0.304,0.282
62034707210,A1296355,Generation,22/2/2015,No,0.0,0.0,0.0,0.0,0.0,0.0,0.0,0.0,0.0,0.0,0.0,0.0,0.0,0.0,0.0,0.0,0.0,0.0,0.0,0.003,0.041,0.0,0.0,0.011,0.0,0.022,0.0,0.0,0.0,0.0,0.0,0.0,0.008,0.046,0.0,0.0,0.0,0.0,0.0,0.0,0.0,0.0,0.0,0.0,0.0,0.0,0.0,0.0
62034707210,A1296355,Consumption,23/2/2015,No,0.251,0.235,0.244,0.215,0.231,0.228,0.2,0.208,0.146,0.163,0.111,0.096,0.153,0.131,0.246,0.459,0.651,0.129,0.051,0.043,0.007,0.234,0.65,0.387,0.255,0.091,0.032,0.06,0.0,0.0,0.0,0.0,0.005,0.0,0.0,0.0,0.0,0.002,0.035,0.073,0.102,0.12,0.079,0.188,0.141,0.131,0.079,0.128
62034707210,A1296355,Generation,23/2/2015,No,0.0,0.0,0.0,0.0,0.0,0.0,0.0,0.0,0.0,0.0,0.0,0.0,0.0,0.0,0.0,0.0,0.0,0.0,0.133,0.143,0.206,0.149,0.048,0.022,0.032,0.233,0.049,0.089,0.689,0.549,0.208,0.318,0.176,0.372,0.273,0.189,0.14,0.066,0.003,0.0,0.0,0.0,0.0,0.0,0.0,0.0,0.0,0.0
62034707210,A1296355,Consumption,24/2/2015,No,0.085,0.102,0.107,0.079,0.128,0.079,0.101,0.105,0.074,0.102,0.072,0.074,0.102,0.063,0.067,0.039,0.0,0.0,0.0,0.0,0.0,0.0,0.0,0.0,0.0,0.0,0.0,0.0,0.0,0.0,0.0,0.039,0.068,0.709,0.01,0.9,0.579,0.744,0.258,0.116,0.168,0.137,0.179,0.164,0.149,0.159,0.121,0.097
62034707210,A1296355,Generation,24/2/2015,No,0.0,0.0,0.0,0.0,0.0,0.0,0.0,0.0,0.0,0.0,0.0,0.0,0.0,0.0,0.0,0.002,0.158,0.326,0.427,0.602,0.72,0.783,0.885,0.858,0.89,0.907,0.905,0.831,0.813,0.79,0.784,0.477,0.183,0.096,0.264,0.11,0.01,0.0,0.0,0.0,0.0,0.0,0.0,0.0,0.0,0.0,0.0,0.0
62034707210,A1296355,Consumption,25/2/2015,No,0.064,0.124,0.069,0.094,0.086,0.061,0.115,0.061,0.072,0.087,0.053,0.069,0.099,0.13,0.059,0.63,0.178,0.463,0.271,0.009,0.382,0.009,0.826,0.578,0.008,0.0,0.0,0.004,0.0,0.009,0.587,0.532,0.29,0.853,0.712,0.462,0.301,0.587,0.33,0.239,0.226,0.168,0.162,0.133,0.095,0.133,0.086,0.11
62034707210,A1296355,Generation,25/2/2015,No,0.0,0.0,0.0,0.0,0.0,0.0,0.0,0.0,0.0,0.0,0.0,0.0,0.0,0.0,0.0,0.0,0.104,0.113,0.206,0.36,0.169,0.254,0.042,0.058,0.591,0.546,0.672,0.678,0.648,0.7,0.246,0.146,0.394,0.072,0.139,0.108,0.0,0.0,0.0,0.0,0.0,0.0,0.0,0.0,0.0,0.0,0.0,0.0
62034707210,A1296355,Consumption,26/2/2015,No,0.094,0.097,0.115,0.069,0.122,0.093,0.086,0.104,0.079,0.117,0.076,0.07,0.609,0.341,0.378,0.236,0.226,0.19,0.395,0.539,0.04,0.392,0.0,0.001,0.013,0.0,0.0,0.0,0.0,0.0,0.017,0.004,0.006,0.102,0.093,0.282,0.319,0.426,0.501,0.453,0.489,0.321,0.223,0.233,0.178,0.14,0.164,0.067
62034707210,A1296355,Generation,26/2/2015,No,0.0,0.0,0.0,0.0,0.0,0.0,0.0,0.0,0.0,0.0,0.0,0.0,0.0,0.0,0.0,0.0,0.0,0.001,0.01,0.012,0.158,0.234,0.564,0.42,0.534,0.567,0.33,0.365,0.58,0.838,0.777,0.544,0.548,0.082,0.047,0.017,0.0,0.0,0.0,0.0,0.0,0.0,0.0,0.0,0.0,0.0,0.0,0.0
62034707210,A1296355,Consumption,27/2/2015,No,0.116,0.179,0.127,0.115,0.079,0.115,0.082,0.109,0.084,0.077,0.124,0.067,0.383,0.459,0.289,0.176,0.027,0.033,0.005,0.018,0.002,0.005,0.01,0.007,0.0,0.0,0.0,0.003,0.004,0.013,0.0,0.474,0.455,0.191,0.224,0.413,0.499,0.489,0.456,0.608,0.659,0.592,0.492,0.444,0.557,0.387,0.377,0.297
62034707210,A1296355,Generation,27/2/2015,No,0.0,0.0,0.0,0.0,0.0,0.0,0.0,0.0,0.0,0.0,0.0,0.0,0.0,0.0,0.0,0.0,0.031,0.038,0.246,0.459,0.609,0.725,0.758,0.812,0.878,0.854,0.883,0.813,0.69,0.58,0.725,0.117,0.069,0.093,0.009,0.0,0.0,0.0,0.0,0.0,0.0,0.0,0.0,0.0,0.0,0.0,0.0,0.0
62034707210,A1296355,Consumption,28/2/2015,No,0.336,0.318,0.279,0.142,0.099,0.143,0.1,0.111,0.134,0.091,0.127,0.107,0.087,0.382,0.326,0.272,0.372,0.392,0.712,0.659,0.836,0.147,0.018,0.0,0.0,0.0,0.0,0.0,0.0,0.0,0.0,0.021,0.017,0.0,0.012,0.591,0.397,0.158,0.779,0.497,0.262,0.353,0.297,0.572,0.564,0.367,0.319,0.174
62034707210,A1296355,Generation,28/2/2015,No,0.0,0.0,0.0,0.0,0.0,0.0,0.0,0.0,0.0,0.0,0.0,0.0,0.0,0.0,0.0,0.0,0.0,0.0,0.0,0.0,0.0,0.0,0.021,0.101,0.172,0.184,0.416,0.305,0.464,0.39,0.608,0.474,0.391,0.371,0.249,0.0,0.0,0.0,0.0,0.0,0.0,0.0,0.0,0.0,0.0,0.0,0.0,0.0
62034707210,A1296355,Consumption,1/3/2015,No,0.167,0.137,0.109,0.248,0.165,0.177,0.165,0.115,0.165,0.1,0.113,0.143,0.096,0.125,0.141,0.289,0.433,0.157,0.254,0.83,0.392,1.062,0.382,0.124,0.019,0.098,0.441,0.454,0.207,0.704,0.666,0.577,0.549,0.074,0.067,0.008,0.14,0.238,0.237,0.802,0.778,0.285,0.601,0.128,0.081,0.108,0.055,0.104
62034707210,A1296355,Generation,1/3/2015,No,0.0,0.0,0.0,0.0,0.0,0.0,0.0,0.0,0.0,0.0,0.0,0.0,0.0,0.0,0.0,0.0,0.0,0.0,0.0,0.03,0.137,0.079,0.179,0.287,0.367,0.16,0.168,0.159,0.119,0.256,0.147,0.16,0.09,0.158,0.131,0.085,0.0,0.0,0.0,0.0,0.0,0.0,0.0,0.0,0.0,0.0,0.0,0.0
62034707210,A1296355,Consumption,2/3/2015,No,0.062,0.081,0.07,0.085,0.07,0.064,0.085,0.06,0.086,0.049,0.081,0.534,0.566,0.662,0.462,0.412,0.306,0.309,0.108,0.0,0.0,0.033,0.0,0.041,0.0,0.0,0.003,0.002,0.0,0.01,0.0,0.0,0.162,1.111,0.637,0.75,1.388,0.475,0.634,0.673,0.788,0.524,0.528,0.167,0.116,0.134,0.123,0.102
62034707210,A1296355,Generation,2/3/2015,No,0.0,0.0,0.0,0.0,0.0,0.0,0.0,0.0,0.0,0.0,0.0,0.0,0.0,0.0,0.0,0.0,0.0,0.0,0.158,0.413,0.552,0.374,0.529,0.507,0.567,0.503,0.349,0.373,0.244,0.245,0.472,0.48,0.279,0.001,0.032,0.003,0.0,0.0,0.0,0.0,0.0,0.0,0.0,0.0,0.0,0.0,0.0,0.0
62034707210,A1296355,Consumption,3/3/2015,No,0.141,0.079,0.122,0.093,0.107,0.074,0.09,0.084,0.073,0.08,0.064,0.101,0.117,0.574,0.238,0.207,0.098,0.27,0.345,0.197,0.049,0.102,0.0,0.0,0.0,0.0,0.0,0.0,0.0,0.0,0.0,0.0,0.0,0.185,0.732,0.638,0.582,0.171,0.2,0.091,0.191,0.145,0.305,0.295,0.245,0.238,0.223,0.195
62034707210,A1296355,Generation,3/3/2015,No,0.0,0.0,0.0,0.0,0.0,0.0,0.0,0.0,0.0,0.0,0.0,0.0,0.0,0.0,0.0,0.0,0.0,0.002,0.119,0.331,0.538,0.571,0.857,0.855,0.921,0.815,0.848,0.752,0.868,0.787,0.787,0.684,0.624,0.302,0.0,0.0,0.0,0.0,0.0,0.0,0.0,0.0,0.0,0.0,0.0,0.0,0.0,0.0
62034707210,A1296355,Consumption,4/3/2015,No,0.15,0.094,0.052,0.097,0.065,0.092,0.053,0.084,0.074,0.05,0.088,0.061,0.342,0.338,0.376,0.376,0.632,0.621,0.216,0.328,0.007,0.004,0.036,0.0,0.0,0.0,0.0,0.0,0.0,0.0,0.0,0.0,0.0,0.396,0.615,0.17,0.0,0.081,0.113,0.238,0.834,0.708,0.73,0.352,0.328,0.25,0.309,0.222
62034707210,A1296355,Generation,4/3/2015,No,0.0,0.0,0.0,0.0,0.0,0.0,0.0,0.0,0.0,0.0,0.0,0.0,0.0,0.0,0.0,0.0,0.0,0.0,0.102,0.216,0.299,0.487,0.667,0.853,0.871,0.862,0.884,0.76,0.741,0.768,0.623,0.611,0.539,0.381,0.098,0.1,0.108,0.0,0.0,0.0,0.0,0.0,0.0,0.0,0.0,0.0,0.0,0.0
62034707210,A1296355,Consumption,5/3/2015,No,0.103,0.18,0.103,0.109,0.104,0.112,0.159,0.115,0.07,0.08,0.069,0.048,0.088,0.082,0.129,0.521,0.004,0.412,0.64,0.589,0.335,0.299,0.086,0.16,0.199,0.0,0.0,0.0,0.0,0.0,0.026,0.0,0.0,0.001,0.0,0.0,0.344,0.185,0.174,0.171,0.182,0.108,0.148,0.097,0.087,0.069,0.053,0.096
62034707210,A1296355,Generation,5/3/2015,No,0.0,0.0,0.0,0.0,0.0,0.0,0.0,0.0,0.0,0.0,0.0,0.0,0.0,0.0,0.0,0.0,0.043,0.0,0.116,0.214,0.416,0.441,0.496,0.429,0.343,0.711,0.62,0.692,0.85,0.815,0.757,0.67,0.583,0.424,0.371,0.138,0.031,0.0,0.0,0.0,0.0,0.0,0.0,0.0,0.0,0.0,0.0,0.0
62034707210,A1296355,Consumption,6/3/2015,No,0.058,0.068,0.067,0.055,0.095,0.056,0.05,0.157,0.109,0.075,0.051,0.085,0.463,1.308,1.082,0.535,0.236,0.17,0.624,1.016,0.504,0.362,0.075,0.727,0.0,0.027,0.036,0.058,0.0,0.083,0.055,0.066,0.04,0.147,0.173,0.239,0.527,0.239,0.193,0.107,0.311,0.566,0.231,0.545,0.061,0.102,0.066,0.066
62034707210,A1296355,Generation,6/3/2015,No,0.0,0.0,0.0,0.0,0.0,0.0,0.0,0.0,0.0,0.0,0.0,0.0,0.0,0.0,0.0,0.0,0.0,0.0,0.0,0.0,0.01,0.037,0.033,0.108,0.303,0.317,0.307,0.244,0.453,0.335,0.248,0.11,0.116,0.026,0.024,0.011,0.0,0.0,0.0,0.0,0.0,0.0,0.0,0.0,0.0,0.0,0.0,0.0
62034707210,A1296355,Consumption,7/3/2015,No,0.084,0.055,0.097,0.061,0.053,0.095,0.063,0.075,0.068,0.053,0.141,0.117,0.082,0.049,0.187,0.077,0.048,0.155,0.024,0.024,0.388,0.468,0.0,0.037,0.0,0.0,0.0,0.0,0.044,0.0,0.0,0.0,0.117,0.729,0.306,0.055,0.445,0.546,0.486,0.315,0.527,0.143,0.146,0.169,0.131,0.107,0.078,0.074
62034707210,A1296355,Generation,7/3/2015,No,0.0,0.0,0.0,0.0,0.0,0.0,0.0,0.0,0.0,0.0,0.0,0.0,0.0,0.0,0.0,0.0,0.0,0.006,0.029,0.092,0.02,0.065,0.25,0.333,0.439,0.625,0.435,0.677,0.609,0.64,0.683,0.491,0.124,0.057,0.041,0.05,0.0,0.0,0.0,0.0,0.0,0.0,0.0,0.0,0.0,0.0,0.0,0.0
62034707210,A1296355,Consumption,8/3/2015,No,0.174,0.105,0.109,0.065,0.097,0.057,0.087,0.086,0.052,0.094,0.065,0.084,0.067,0.057,0.467,1.367,1.848,1.137,0.047,1.383,0.987,1.336,0.937,0.338,0.082,0.005,0.0,0.004,0.006,0.0,0.0,0.09,0.18,0.175,0.14,0.221,0.135,0.371,0.341,0.252,0.206,0.26,0.184,0.156,0.148,0.072,0.107,0.08
62034707210,A1296355,Generation,8/3/2015,No,0.0,0.0,0.0,0.0,0.0,0.0,0.0,0.0,0.0,0.0,0.0,0.0,0.0,0.0,0.0,0.0,0.0,0.0,0.075,0.024,0.001,0.018,0.111,0.306,0.49,0.654,0.827,0.708,0.71,0.806,0.75,0.532,0.377,0.199,0.233,0.088,0.014,0.0,0.0,0.0,0.0,0.0,0.0,0.0,0.0,0.0,0.0,0.0
62034707210,A1296355,Consumption,9/3/2015,No,0.061,0.121,0.068,0.079,0.085,0.066,0.106,0.069,0.056,0.098,0.067,0.064,0.089,0.065,0.591,0.696,0.451,0.5,0.148,0.217,0.124,0.005,0.0,0.0,0.0,0.0,0.0,0.0,0.0,0.0,0.0,0.0,0.039,0.828,1.082,0.853,0.012,0.346,0.316,0.223,0.213,0.189,0.307,0.122,0.114,0.052,0.078,0.078
62034707210,A1296355,Generation,9/3/2015,No,0.0,0.0,0.0,0.0,0.0,0.0,0.0,0.0,0.0,0.0,0.0,0.0,0.0,0.0,0.0,0.0,0.0,0.0,0.102,0.064,0.136,0.637,0.538,0.809,0.75,0.876,0.781,0.665,0.627,0.353,0.593,0.406,0.342,0.196,0.045,0.011,0.074,0.0,0.0,0.0,0.0,0.0,0.0,0.0,0.0,0.0,0.0,0.0
62034707210,A1296355,Consumption,10/3/2015,No,0.06,0.208,0.125,0.081,0.092,0.062,0.095,0.063,0.065,0.102,0.049,0.047,0.444,0.861,0.758,0.55,0.747,0.864,0.553,0.131,0.166,0.0,0.0,0.0,0.0,0.0,0.0,0.021,0.0,0.0,0.0,0.0,0.033,0.116,1.224,0.942,0.341,0.682,0.487,0.496,0.9,0.704,0.298,0.602,0.113,0.133,0.072,0.105
62034707210,A1296355,Generation,10/3/2015,No,0.0,0.0,0.0,0.0,0.0,0.0,0.0,0.0,0.0,0.0,0.0,0.0,0.0,0.0,0.0,0.0,0.0,0.0,0.078,0.221,0.463,0.586,0.628,0.827,0.851,0.93,0.856,0.479,0.52,0.468,0.731,0.597,0.078,0.003,0.0,0.0,0.0,0.0,0.0,0.0,0.0,0.0,0.0,0.0,0.0,0.0,0.0,0.0
62034707210,A1296355,Consumption,11/3/2015,No,0.081,0.059,0.173,0.121,0.101,0.053,0.115,0.062,0.078,0.081,0.054,0.086,0.44,1.052,0.779,0.697,0.238,0.166,0.06,0.0,0.0,0.0,0.0,0.0,0.006,0.0,0.001,0.0,0.015,0.0,0.018,0.0,0.385,0.506,0.491,0.61,0.788,1.056,0.5,0.484,0.33,0.441,0.437,0.401,0.358,0.299,0.182,0.156
62034707210,A1296355,Generation,11/3/2015,No,0.0,0.0,0.0,0.0,0.0,0.0,0.0,0.0,0.0,0.0,0.0,0.0,0.0,0.0,0.0,0.0,0.0,0.0,0.15,0.473,0.629,0.771,0.847,0.837,0.733,0.768,0.499,0.554,0.627,0.641,0.536,0.471,0.019,0.0,0.0,0.0,0.0,0.0,0.0,0.0,0.0,0.0,0.0,0.0,0.0,0.0,0.0,0.0
62034707210,A1296355,Consumption,12/3/2015,No,0.125,0.133,0.114,0.136,0.104,0.15,0.106,0.104,0.134,0.104,0.125,0.111,0.092,0.445,1.623,1.307,1.19,0.561,0.489,0.0,0.0,0.0,0.0,0.0,0.026,0.0,0.0,0.0,0.0,0.008,0.0,0.139,0.596,0.419,0.084,0.098,0.112,0.304,0.199,0.21,0.131,0.108,0.15,0.116,0.124,0.109,0.076,0.102
62034707210,A1296355,Generation,12/3/2015,No,0.0,0.0,0.0,0.0,0.0,0.0,0.0,0.0,0.0,0.0,0.0,0.0,0.0,0.0,0.0,0.0,0.0,0.0,0.009,0.447,0.575,0.652,0.686,0.653,0.613,0.766,0.85,0.748,0.806,0.714,0.651,0.667,0.223,0.263,0.31,0.06,0.033,0.0,0.0,0.0,0.0,0.0,0.0,0.0,0.0,0.0,0.0,0.0
62034707210,A1296355,Consumption,13/3/2015,No,0.054,0.088,0.085,0.059,0.1,0.06,0.067,0.105,0.053,0.052,0.106,0.062,0.937,1.519,0.951,0.852,0.863,0.65,0.305,0.017,0.0,0.0,0.0,0.071,0.169,0.038,0.275,0.002,0.0,0.0,0.0,0.118,0.15,0.188,0.121,0.222,0.102,0.232,0.133,0.166,0.157,0.122,0.113,0.043,0.079,0.076,0.044,0.086
62034707210,A1296355,Generation,13/3/2015,No,0.0,0.0,0.0,0.0,0.0,0.0,0.0,0.0,0.0,0.0,0.0,0.0,0.0,0.0,0.0,0.0,0.0,0.0,0.059,0.295,0.467,0.581,0.733,0.595,0.42,0.741,0.49,0.833,0.879,0.592,0.587,0.484,0.396,0.351,0.262,0.083,0.036,0.002,0.0,0.0,0.0,0.0,0.0,0.0,0.0,0.0,0.0,0.0
62034707210,A1296355,Consumption,14/3/2015,No,0.051,0.067,0.075,0.042,0.075,0.066,0.052,0.071,0.052,0.05,0.067,0.064,0.038,0.609,1.545,1.456,1.459,0.792,1.005,0.219,0.011,0.15,0.0,0.154,0.677,0.073,0.0,0.004,0.018,0.0,0.0,0.2,0.732,0.4,0.455,0.529,0.737,0.16,0.929,0.626,0.673,0.116,0.197,0.111,0.129,0.27,0.318,0.217
62034707210,A1296355,Generation,14/3/2015,No,0.0,0.0,0.0,0.0,0.0,0.0,0.0,0.0,0.0,0.0,0.0,0.0,0.0,0.0,0.0,0.0,0.0,0.0,0.0,0.259,0.575,0.479,0.785,0.812,0.25,0.73,0.805,0.621,0.592,0.706,0.757,0.525,0.064,0.062,0.052,0.019,0.008,0.0,0.0,0.0,0.0,0.0,0.0,0.0,0.0,0.0,0.0,0.0
62034707210,A1296355,Consumption,15/3/2015,No,0.157,0.08,0.13,0.093,0.11,0.067,0.104,0.072,0.103,0.06,0.102,0.07,0.093,0.123,0.098,0.123,0.047,0.557,0.214,0.373,0.591,0.0,0.276,0.067,0.0,0.0,0.0,0.0,0.0,0.0,0.0,0.0,0.0,0.037,0.0,0.0,0.0,0.007,0.181,0.189,0.275,0.26,0.171,0.122,0.106,0.096,0.068,0.086
62034707210,A1296355,Generation,15/3/2015,No,0.0,0.0,0.0,0.0,0.0,0.0,0.0,0.0,0.0,0.0,0.0,0.0,0.0,0.0,0.0,0.0,0.0,0.003,0.118,0.229,0.118,0.779,0.37,0.524,0.849,0.877,0.789,0.699,0.713,0.81,0.746,0.586,0.333,0.467,0.408,0.264,0.095,0.007,0.0,0.0,0.0,0.0,0.0,0.0,0.0,0.0,0.0,0.0
62034707210,A1296355,Consumption,16/3/2015,No,0.052,0.093,0.065,0.056,0.082,0.062,0.09,0.053,0.046,0.091,0.057,0.056,1.148,1.046,0.786,0.648,0.623,0.458,0.218,0.043,0.013,0.04,0.003,0.0,0.006,0.044,0.059,0.019,0.079,0.038,0.001,0.0,0.047,0.084,0.176,0.102,0.252,0.182,0.398,1.272,0.484,0.18,0.546,0.16,0.096,0.156,0.076,0.111
62034707210,A1296355,Generation,16/3/2015,No,0.0,0.0,0.0,0.0,0.0,0.0,0.0,0.0,0.0,0.0,0.0,0.0,0.0,0.0,0.0,0.0,0.0,0.0,0.074,0.281,0.329,0.222,0.3,0.323,0.042,0.0,0.002,0.004,0.015,0.04,0.142,0.177,0.034,0.0,0.0,0.009,0.0,0.0,0.0,0.0,0.0,0.0,0.0,0.0,0.0,0.0,0.0,0.0
62034707210,A1296355,Consumption,17/3/2015,No,0.069,0.095,0.056,0.106,0.26,0.254,0.145,0.084,0.08,0.066,0.076,0.063,0.371,0.361,0.344,0.211,0.238,0.159,0.11,0.052,0.029,0.015,0.008,0.041,0.005,0.0,0.0,0.0,0.0,0.0,0.0,0.0,0.0,0.095,0.057,0.266,0.169,0.482,0.325,0.593,1.322,1.026,0.619,0.181,0.09,0.13,0.088,0.202
62034707210,A1296355,Generation,17/3/2015,No,0.0,0.0,0.0,0.0,0.0,0.0,0.0,0.0,0.0,0.0,0.0,0.0,0.0,0.0,0.0,0.0,0.0,0.0,0.0,0.001,0.0,0.038,0.165,0.053,0.32,0.453,0.056,0.183,0.234,0.131,0.523,0.478,0.147,0.031,0.025,0.0,0.0,0.0,0.0,0.0,0.0,0.0,0.0,0.0,0.0,0.0,0.0,0.0
62034707210,A1296355,Consumption,18/3/2015,No,0.152,0.15,0.106,0.123,0.128,0.091,0.123,0.093,0.122,0.073,0.101,0.106,0.079,0.157,0.394,0.389,0.234,0.232,0.112,0.335,0.488,0.288,0.007,0.382,0.038,0.374,0.472,0.151,0.145,0.184,0.832,0.12,0.0,0.007,0.606,0.566,0.971,0.624,0.622,0.773,0.486,0.397,0.255,0.235,0.196,0.21,0.104,0.098
62034707210,A1296355,Generation,18/3/2015,No,0.0,0.0,0.0,0.0,0.0,0.0,0.0,0.0,0.0,0.0,0.0,0.0,0.0,0.0,0.0,0.0,0.0,0.0,0.0,0.0,0.014,0.11,0.082,0.142,0.082,0.136,0.093,0.25,0.133,0.309,0.05,0.044,0.319,0.156,0.18,0.074,0.001,0.0,0.0,0.0,0.0,0.0,0.0,0.0,0.0,0.0,0.0,0.0
62034707210,A1296355,Consumption,19/3/2015,No,0.101,0.062,0.0,0.0,0.0,0.0,0.0,0.0,0.0,0.0,0.0,0.0,0.0,0.0,0.0,0.0,0.0,0.0,0.0,0.0,0.0,0.0,0.0,0.0,0.0,0.0,0.0,0.0,0.0,0.0,0.0,0.0,0.0,0.0,0.0,0.0,0.0,0.0,0.0,0.0,0.0,0.0,0.0,0.0,0.0,0.0,0.0,0.0
62034707210,A1296355,Generation,19/3/2015,No,0.0,0.0,0.0,0.0,0.0,0.0,0.0,0.0,0.0,0.0,0.0,0.0,0.0,0.0,0.0,0.0,0.0,0.0,0.0,0.0,0.0,0.0,0.0,0.0,0.0,0.0,0.0,0.0,0.0,0.0,0.0,0.0,0.0,0.0,0.0,0.0,0.0,0.0,0.0,0.0,0.0,0.0,0.0,0.0,0.0,0.0,0.0,0.0
